Name of original video,Compression Codec,Encoding time,Decoding time,CPU usage,Memory usage,Original raw file size,Encoded file size,Change in file size,PSNR,SSIM,VMAF
kaaholmen_merd6_2018_11_28_17_00_01,mjpeg,2.202948570251465,1.3238754272460938,0.0,23.0,1.086,0.02,-1.066,54,63,7845
kaaholmen_merd6_2018_11_28_17_00_01,libx264,7.050481796264648,1.6249382495880127,0.0,23.0078125,1.086,0.017,-1.069,54,63,7845
pexels-kindel-media-8823187 (2160p),mjpeg,5.00058913230896,3.66746187210083,0.0,23.00390625,2.352,0.025,-2.327,54,63,7845
pexels-kindel-media-8823187 (2160p),libx264,16.12589740753174,3.172947406768799,0.0,23.0,2.352,0.023,-2.329,54,63,7845
pexels-kindel-media-8823454 (2160p),mjpeg,8.675417184829712,5.571418762207031,0.0,23.00390625,4.056,0.039,-4.017,54,63,7845
pexels-kindel-media-8823454 (2160p),libx264,25.692082166671753,4.855020761489868,0.0,22.97265625,4.056,0.037,-4.019,54,63,7845
pexels-taryn-elliott-5548361 (2160p),mjpeg,5.52996826171875,4.002028465270996,0.0,22.97265625,2.897,0.035,-2.862,54,63,7845
pexels-taryn-elliott-5548361 (2160p),libx264,17.778958797454834,3.820427179336548,0.0,22.97265625,2.897,0.021,-2.876,54,63,7845
