Name of original video,Compression Codec,Encoding time,CPU usage,Memory usage,Original raw file size,Encoded file size,Change in file size,PSNR,SSIM,VMAF
,,4.810422897338867,,,,,,,,
,,13.145445823669434,,,,,,,,
,,1.0218214988708496,,,,,,,,
,,2.4899656772613525,,,,,,,,
,,9.556453466415405,,,,,,,,
,,34.455079317092896,,,,,,,,
,,16.186935901641846,,,,,,,,
,,39.765583992004395,,,,,,,,
,,10.678847074508667,,,,,,,,
,,26.373497486114502,,,,,,,,
