Name of original video,Compression Codec,Encoding time,Decoding time,CPU usage,Memory usage,Original raw file size,Encoded file size,Change in file size,PSNR,SSIM,VMAF
kaaholmen_merd6_2018_11_28_17_00_01,mjpeg,2.3744373321533203,1.3054182529449463,0.0,23.140625,1.086,0.02,-1.066,,,
kaaholmen_merd6_2018_11_28_17_00_01,libx264,7.112640380859375,1.56144380569458,0.0,23.15234375,1.086,0.017,-1.069,,,
pexels-kindel-media-8823187 (2160p),mjpeg,4.9057605266571045,3.0812478065490723,0.0,23.16015625,2.352,0.025,-2.327,,,
pexels-kindel-media-8823187 (2160p),libx264,16.547337293624878,2.9565908908843994,0.0,23.1328125,2.352,0.023,-2.329,,,
pexels-kindel-media-8823454 (2160p),mjpeg,9.076253414154053,6.252952575683594,0.0,23.1484375,4.056,0.039,-4.017,,,
pexels-kindel-media-8823454 (2160p),libx264,27.183539152145386,5.381520748138428,0.0,23.1328125,4.056,0.037,-4.019,,,
pexels-taryn-elliott-5548361 (2160p),mjpeg,5.969669580459595,4.576838970184326,0.0,23.1328125,2.897,0.035,-2.862,,,
pexels-taryn-elliott-5548361 (2160p),libx264,21.52416682243347,4.2840352058410645,0.0,23.15234375,2.897,0.021,-2.876,,,
