Name of original video,Compression Codec,Encoding time,Decoding time,CPU usage,Original raw file size,Encoded file size,Change in file size,PSNR,SSIM,VMAF
kaaholmen_merd6_2018_11_28_17_00_01,mjpeg,1.8421053886413574,2.663327932357788,,19097592,20475624,1378032,54,76,324
kaaholmen_merd6_2018_11_28_17_00_01,libx264,6.954763412475586,6.663688659667969,,19097592,18492118,-605474,54,76,324
pexels-kindel-media-8823187 (2160p),mjpeg,4.273773431777954,4.8541905879974365,,22352429,26894316,4541887,54,76,324
pexels-kindel-media-8823187 (2160p),libx264,15.247466087341309,14.909991979598999,,22352429,24360858,2008429,54,76,324
pexels-kindel-media-8823454 (2160p),mjpeg,7.276569128036499,8.315235376358032,,32237541,42240200,10002659,54,76,324
pexels-kindel-media-8823454 (2160p),libx264,22.428428888320923,23.226765394210815,,32237541,39206920,6969379,54,76,324
pexels-taryn-elliott-5548361 (2160p),mjpeg,5.444318056106567,5.960075378417969,,26994954,37180722,10185768,54,76,324
pexels-taryn-elliott-5548361 (2160p),libx264,20.134188175201416,19.515934705734253,,26994954,22663268,-4331686,54,76,324
